epoch,time,train/box_loss,train/cls_loss,train/dfl_loss,metrics/precision(B),metrics/recall(B),metrics/mAP50(B),metrics/mAP50-95(B),val/box_loss,val/cls_loss,val/dfl_loss,lr/pg0,lr/pg1,lr/pg2
1,27.6688,2.21075,3.42854,2.00676,0.0035,0.36713,0.00345,0.00121,2.05614,3.87011,2.00655,0.000571429,0.000571429,0.000571429
2,31.9448,2.19693,3.39816,2.04778,0.0033,0.34615,0.00369,0.00087,2.89513,4.61967,2.72487,0.00122584,0.00122584,0.00122584
3,36.6227,2.30648,3.09341,1.98724,0.0035,0.36713,0.00218,0.00055,2.69539,4.37664,3.54015,0.00186705,0.00186705,0.00186705
4,40.9583,2.22911,2.8817,1.93426,0.00157,0.16434,0.00056,0.00011,3.10211,4.71542,4.1196,0.0019406,0.0019406,0.0019406
5,45.135,2.27024,2.768,2.02708,0.00087,0.09091,0.00012,2e-05,3.8597,5.60073,14.4127,0.0019208,0.0019208,0.0019208
6,49.1328,2.19607,2.61469,1.96861,0.00246,0.05944,0.00031,5e-05,4.32064,86.7312,91.8936,0.001901,0.001901,0.001901
7,53.3297,2.22174,2.66229,2.01301,0.00278,0.09441,0.00047,9e-05,4.42927,169.085,61.9466,0.0018812,0.0018812,0.0018812
8,57.6212,2.07602,2.5167,1.88722,0.0006,0.06294,7e-05,1e-05,4.37006,6.45214,11.3949,0.0018614,0.0018614,0.0018614
9,61.9281,2.06284,2.54437,1.93685,0.0009,0.09441,0.00016,2e-05,4.03258,4.91929,6.04686,0.0018416,0.0018416,0.0018416
10,66.4012,2.05007,2.3601,1.8363,0.01058,0.01399,0.001,0.00025,3.22021,4.55116,3.81452,0.0018218,0.0018218,0.0018218
11,70.6473,1.99301,2.36793,1.87137,0.0134,0.01399,0.00207,0.00063,2.76533,4.1988,2.96496,0.001802,0.001802,0.001802
12,74.8578,1.91105,2.21696,1.78404,0.03267,0.04196,0.00413,0.0011,2.76087,4.46224,2.85873,0.0017822,0.0017822,0.0017822
13,79.0509,1.91447,2.19679,1.82454,0.03005,0.03497,0.0056,0.00159,2.73449,4.89134,2.97299,0.0017624,0.0017624,0.0017624
14,83.3146,1.9867,2.23642,1.87642,0.02896,0.18531,0.01726,0.00545,2.42026,5.52497,2.80035,0.0017426,0.0017426,0.0017426
15,87.2051,1.89282,2.16777,1.81827,0.05058,0.24126,0.02966,0.00945,2.45355,4.86889,2.8071,0.0017228,0.0017228,0.0017228
16,91.3818,1.85967,2.11073,1.77268,0.09004,0.26224,0.05211,0.01637,2.3399,4.35947,2.58737,0.001703,0.001703,0.001703
17,95.4248,1.86186,2.06067,1.75378,0.07139,0.27273,0.04753,0.01521,2.33764,4.8419,2.67582,0.0016832,0.0016832,0.0016832
18,99.587,1.88686,2.09919,1.80406,0.08461,0.27273,0.06323,0.02245,2.30818,4.38451,2.37991,0.0016634,0.0016634,0.0016634
19,103.775,1.82234,1.93731,1.72037,0.19453,0.26923,0.13768,0.05079,2.27041,3.79203,2.30608,0.0016436,0.0016436,0.0016436
20,107.845,1.84586,2.02824,1.74482,0.27528,0.26923,0.1466,0.05577,2.30435,3.43825,2.26502,0.0016238,0.0016238,0.0016238
21,112.034,1.80361,1.86349,1.694,0.23459,0.21678,0.11287,0.03808,2.40618,3.52784,2.23931,0.001604,0.001604,0.001604
22,116.296,1.75753,2.02864,1.65175,0.22391,0.27622,0.12829,0.05103,2.32753,3.88003,2.16616,0.0015842,0.0015842,0.0015842
23,120.52,1.78884,1.92798,1.69203,0.21175,0.29305,0.10797,0.03667,2.30875,4.93377,2.20688,0.0015644,0.0015644,0.0015644
24,124.711,1.6989,1.80832,1.63172,0.28182,0.36014,0.17339,0.06346,2.20802,4.34363,2.13824,0.0015446,0.0015446,0.0015446
25,128.924,1.63365,1.70492,1.56139,0.34066,0.34266,0.22605,0.08383,2.26415,3.72185,2.26855,0.0015248,0.0015248,0.0015248
26,133.077,1.55637,1.64506,1.49917,0.32962,0.33217,0.23668,0.08242,2.31688,3.24264,2.21305,0.001505,0.001505,0.001505
27,137.195,1.57056,1.69227,1.55527,0.42301,0.27972,0.27467,0.11705,2.20785,2.45956,1.96687,0.0014852,0.0014852,0.0014852
28,141.397,1.6954,1.78833,1.61607,0.49513,0.26224,0.29547,0.12066,2.33926,2.50971,2.14359,0.0014654,0.0014654,0.0014654
29,145.549,1.6488,1.71509,1.612,0.41243,0.27622,0.28712,0.12138,2.27464,2.64766,2.08319,0.0014456,0.0014456,0.0014456
30,149.644,1.5716,1.55907,1.52628,0.39702,0.26224,0.26287,0.10593,2.32482,2.71332,2.17154,0.0014258,0.0014258,0.0014258
31,153.739,1.65268,1.6382,1.55705,0.41988,0.26923,0.25017,0.10522,2.21202,2.55307,2.17728,0.001406,0.001406,0.001406
32,157.916,1.6078,1.58603,1.53367,0.43799,0.27622,0.28081,0.11842,2.2907,2.65716,2.13059,0.0013862,0.0013862,0.0013862
33,162.032,1.5823,1.47872,1.45611,0.44401,0.27622,0.28064,0.11349,2.32095,2.68261,2.1482,0.0013664,0.0013664,0.0013664
34,166.16,1.63047,1.61369,1.55283,0.50387,0.27972,0.27982,0.10914,2.42562,2.7099,2.21913,0.0013466,0.0013466,0.0013466
35,170.249,1.55774,1.47768,1.49684,0.38335,0.33566,0.2896,0.12415,2.23889,2.71792,2.09043,0.0013268,0.0013268,0.0013268
36,174.365,1.52631,1.4622,1.49567,0.44185,0.33216,0.28602,0.12204,2.19673,2.61339,2.06317,0.001307,0.001307,0.001307
37,178.309,1.51148,1.53478,1.4798,0.38212,0.33566,0.28596,0.11989,2.13972,2.66385,2.06627,0.0012872,0.0012872,0.0012872
38,182.446,1.47506,1.37262,1.4096,0.46398,0.32867,0.32588,0.13145,2.13567,2.62506,2.02142,0.0012674,0.0012674,0.0012674
39,186.29,1.6448,1.52988,1.52062,0.44992,0.33916,0.34897,0.14551,2.16176,2.52326,2.03603,0.0012476,0.0012476,0.0012476
40,190.39,1.51495,1.38338,1.45107,0.42201,0.34615,0.30933,0.1107,2.36216,2.67893,2.23546,0.0012278,0.0012278,0.0012278
41,194.276,1.52943,1.42013,1.4557,0.45246,0.34266,0.30141,0.1119,2.34997,2.66883,2.24165,0.001208,0.001208,0.001208
42,198.403,1.41012,1.35931,1.37372,0.48373,0.33217,0.32211,0.12913,2.36567,2.53897,2.1867,0.0011882,0.0011882,0.0011882
43,202.641,1.46994,1.33649,1.43373,0.47132,0.28322,0.28103,0.10526,2.35601,2.75159,2.23648,0.0011684,0.0011684,0.0011684
44,204.904,1.51642,1.41306,1.48037,0.23383,0.24126,0.17242,0.07236,2.34913,2.94558,2.26439,0.0011486,0.0011486,0.0011486
45,206.383,1.45353,1.39752,1.45703,0.2425,0.272,0.19935,0.08213,2.33193,2.79973,2.24043,0.0011288,0.0011288,0.0011288
46,207.512,1.50517,1.43361,1.41745,0.46946,0.30769,0.3009,0.11623,2.25249,2.5632,2.13446,0.001109,0.001109,0.001109
47,208.539,1.42332,1.30875,1.35984,0.41983,0.33916,0.31781,0.12221,2.23703,2.44058,2.08025,0.0010892,0.0010892,0.0010892
48,209.537,1.3578,1.34141,1.38065,0.40866,0.29238,0.29843,0.12027,2.3258,2.42658,2.08203,0.0010694,0.0010694,0.0010694
49,210.547,1.44812,1.27918,1.38047,0.42233,0.29371,0.28584,0.11647,2.27345,2.52224,2.07188,0.0010496,0.0010496,0.0010496
50,211.564,1.35147,1.23681,1.36147,0.44692,0.33566,0.29476,0.12532,2.2653,2.54831,2.08573,0.0010298,0.0010298,0.0010298
51,214.985,1.41165,1.34022,1.42626,0.46487,0.33916,0.32413,0.13447,2.1871,2.38073,2.06085,0.00101,0.00101,0.00101
52,219.017,1.36688,1.27915,1.38817,0.49868,0.31119,0.31497,0.12649,2.26661,2.33295,2.13752,0.0009902,0.0009902,0.0009902
53,222.95,1.33582,1.21355,1.37099,0.57684,0.28122,0.30544,0.1228,2.27324,2.39908,2.15081,0.0009704,0.0009704,0.0009704
54,226.9,1.33078,1.17122,1.3566,0.46737,0.29371,0.27243,0.11775,2.34261,2.52927,2.24942,0.0009506,0.0009506,0.0009506
55,230.985,1.31545,1.16055,1.31771,0.54686,0.25874,0.28906,0.12883,2.26351,2.40257,2.22125,0.0009308,0.0009308,0.0009308
56,235.106,1.37851,1.24707,1.39692,0.43883,0.32168,0.29586,0.12546,2.26431,2.39839,2.25018,0.000911,0.000911,0.000911
57,239.172,1.24164,1.20942,1.32459,0.40459,0.32867,0.30536,0.12394,2.31778,2.41203,2.31235,0.0008912,0.0008912,0.0008912
58,243.258,1.26082,1.04074,1.28581,0.46452,0.34615,0.3356,0.13427,2.21024,2.41386,2.18224,0.0008714,0.0008714,0.0008714
59,247.329,1.35371,1.14973,1.33615,0.45704,0.34266,0.33161,0.13435,2.24098,2.37687,2.20634,0.0008516,0.0008516,0.0008516
60,251.376,1.25696,1.15774,1.30355,0.42274,0.33217,0.3108,0.11708,2.38781,2.53749,2.36681,0.0008318,0.0008318,0.0008318
61,255.343,1.28651,1.13232,1.3498,0.42248,0.32517,0.3002,0.11436,2.4203,2.55549,2.42539,0.000812,0.000812,0.000812
62,259.401,1.34396,1.27811,1.36449,0.44922,0.30515,0.31704,0.12969,2.44115,2.5135,2.49123,0.0007922,0.0007922,0.0007922
63,263.49,1.25627,1.10621,1.31727,0.4776,0.33245,0.34255,0.13086,2.3987,2.43983,2.35285,0.0007724,0.0007724,0.0007724
64,267.803,1.22987,1.06334,1.25167,0.46943,0.40526,0.3648,0.15282,2.23614,2.29061,2.15058,0.0007526,0.0007526,0.0007526
65,272.009,1.12276,1.02916,1.21669,0.48499,0.37866,0.3604,0.14709,2.24183,2.31448,2.15952,0.0007328,0.0007328,0.0007328
66,276.168,1.17881,1.01261,1.22784,0.55762,0.34965,0.3544,0.14218,2.22695,2.26934,2.10985,0.000713,0.000713,0.000713
67,280.331,1.12838,0.98109,1.20996,0.49559,0.33566,0.3547,0.14518,2.25824,2.24444,2.13295,0.0006932,0.0006932,0.0006932
68,284.483,1.18288,0.9649,1.24895,0.56238,0.34266,0.35547,0.14546,2.27711,2.31002,2.15409,0.0006734,0.0006734,0.0006734
69,288.63,1.19823,1.00472,1.2408,0.54038,0.34965,0.35963,0.14708,2.29222,2.30213,2.16132,0.0006536,0.0006536,0.0006536
70,292.538,1.1434,0.94458,1.19293,0.47245,0.37762,0.36501,0.15261,2.22237,2.20485,2.08849,0.0006338,0.0006338,0.0006338
71,296.64,1.17338,1.01297,1.25894,0.50522,0.33916,0.34851,0.14145,2.20488,2.29066,2.11736,0.000614,0.000614,0.000614
72,300.705,1.19018,0.98349,1.27231,0.46328,0.34965,0.34594,0.13374,2.36841,2.31711,2.27356,0.0005942,0.0005942,0.0005942
73,304.596,1.19309,0.96808,1.27042,0.45745,0.36713,0.36417,0.14284,2.35594,2.29023,2.24126,0.0005744,0.0005744,0.0005744
74,308.681,1.13437,0.92613,1.20795,0.46957,0.37063,0.37642,0.16576,2.23308,2.21682,2.03478,0.0005546,0.0005546,0.0005546
75,312.742,1.12618,0.94363,1.19304,0.45513,0.37762,0.36626,0.16586,2.16885,2.19632,2.00345,0.0005348,0.0005348,0.0005348
76,316.863,1.12293,1.03599,1.22046,0.42495,0.38462,0.36065,0.14615,2.27199,2.22882,2.10694,0.000515,0.000515,0.000515
77,320.952,1.14513,0.9465,1.23638,0.4264,0.40559,0.36318,0.14419,2.2931,2.23998,2.14679,0.0004952,0.0004952,0.0004952
78,325.097,1.08403,0.92038,1.2048,0.49251,0.36988,0.37077,0.14832,2.28631,2.26075,2.1101,0.0004754,0.0004754,0.0004754
79,329.208,1.1078,0.92143,1.18969,0.48489,0.36364,0.36375,0.14267,2.28488,2.32969,2.17382,0.0004556,0.0004556,0.0004556
80,333.274,1.09571,0.89088,1.16152,0.48631,0.36713,0.369,0.14383,2.33322,2.28848,2.2316,0.0004358,0.0004358,0.0004358
81,337.152,1.10197,0.88089,1.21672,0.59573,0.34266,0.37998,0.14991,2.30027,2.21773,2.20455,0.000416,0.000416,0.000416
82,341.158,1.09471,0.91756,1.21828,0.52798,0.3872,0.3792,0.16217,2.24296,2.15851,2.1209,0.0003962,0.0003962,0.0003962
83,345.226,1.09939,0.89722,1.15671,0.54178,0.35315,0.36227,0.16503,2.18904,2.19097,2.04817,0.0003764,0.0003764,0.0003764
84,349.288,1.04793,0.89645,1.17738,0.44877,0.36713,0.36062,0.16046,2.22527,2.21412,2.07394,0.0003566,0.0003566,0.0003566
85,353.328,1.05931,0.90613,1.17809,0.59988,0.3042,0.36256,0.15852,2.26994,2.23229,2.1223,0.0003368,0.0003368,0.0003368
86,357.058,1.06607,0.83982,1.1722,0.61019,0.30104,0.37034,0.15605,2.31428,2.22813,2.19338,0.000317,0.000317,0.000317
87,361.149,1.08732,0.93302,1.22142,0.51613,0.35058,0.36628,0.15624,2.27233,2.21778,2.17496,0.0002972,0.0002972,0.0002972
88,365.277,1.11444,0.95809,1.19069,0.47447,0.37251,0.35947,0.16073,2.21821,2.21234,2.12953,0.0002774,0.0002774,0.0002774
89,369.418,1.03738,0.878,1.13952,0.46806,0.38112,0.36272,0.16365,2.20815,2.1889,2.11448,0.0002576,0.0002576,0.0002576
90,373.556,1.0393,0.83345,1.17501,0.48709,0.38112,0.37311,0.16436,2.21645,2.17072,2.10186,0.0002378,0.0002378,0.0002378
91,378.317,1.00298,0.86009,1.19409,0.50881,0.37413,0.38163,0.16739,2.25847,2.19299,2.12809,0.000218,0.000218,0.000218
92,382.54,0.97375,0.82838,1.12947,0.53382,0.34266,0.3739,0.16455,2.31856,2.23084,2.18924,0.0001982,0.0001982,0.0001982
93,386.681,0.97867,0.79512,1.1429,0.51501,0.35315,0.37129,0.15929,2.32781,2.23742,2.2024,0.0001784,0.0001784,0.0001784
94,390.491,0.97736,0.83202,1.13938,0.53,0.3312,0.36295,0.15866,2.32243,2.23667,2.19658,0.0001586,0.0001586,0.0001586
95,394.547,0.89431,0.78135,1.11677,0.4749,0.36713,0.36266,0.15593,2.31086,2.2153,2.1925,0.0001388,0.0001388,0.0001388
96,398.616,0.87779,0.77334,1.06764,0.59311,0.31469,0.35728,0.15787,2.2954,2.16829,2.19249,0.000119,0.000119,0.000119
97,402.721,0.89187,0.73842,1.08276,0.57903,0.32867,0.35965,0.15933,2.29701,2.16708,2.19608,9.92e-05,9.92e-05,9.92e-05
98,406.723,0.88979,0.73474,1.07394,0.62239,0.32168,0.3715,0.16178,2.28567,2.14343,2.18576,7.94e-05,7.94e-05,7.94e-05
99,410.019,0.94495,0.80998,1.14019,0.62748,0.31469,0.36851,0.16012,2.2885,2.13931,2.19021,5.96e-05,5.96e-05,5.96e-05
100,411.491,0.94913,0.77393,1.12905,0.60851,0.32168,0.3729,0.16205,2.27751,2.14667,2.17624,3.98e-05,3.98e-05,3.98e-05
