"Refs","Value","Footprint","MPN","Qty"
"BZ1","5V active buzzer","Buzzer_Beeper:Buzzer_12x9.5RM7.6","12 mm 5 V active buzzer","1"
"C1","22uF 10V X5R","Capacitor_SMD:C_1206_3216Metric","","1"
"C2,C5","10uF 10V","Capacitor_SMD:C_0805_2012Metric","","2"
"C3","22uF tant","Capacitor_Tantalum_SMD:CP_EIA-3528-21_Kemet-B","","1"
"C4,C6,C7,C8,C9","100nF","Capacitor_SMD:C_0603_1608Metric","","5"
"D1","SS14","Diode_SMD:D_SMA","SS14","1"
"D2,D3,D4","1N4148W","Diode_SMD:D_SOD-123","1N4148W","3"
"D5","PWR green","LED_SMD:LED_0603_1608Metric","","1"
"F1","500mA PTC","Fuse:Fuse_1206_3216Metric","1206L050 / equivalent","1"
"J1","RPi5_GPIO_40pin","Connector_PinHeader_2.54mm:PinHeader_2x20_P2.54mm_Vertical","","1"
"J2","US_L","Connector_JST:JST_XH_B4B-XH-A_1x04_P2.50mm_Vertical","JST B4B-XH-A","1"
"J3","US_R","Connector_JST:JST_XH_B4B-XH-A_1x04_P2.50mm_Vertical","JST B4B-XH-A","1"
"J4","US_H","Connector_JST:JST_XH_B4B-XH-A_1x04_P2.50mm_Vertical","JST B4B-XH-A","1"
"J5","TF-Luna","Connector_JST:JST_XH_B4B-XH-A_1x04_P2.50mm_Vertical","JST B4B-XH-A","1"
"J6","Motor_L","Connector_JST:JST_XH_B2B-XH-A_1x02_P2.50mm_Vertical","JST B2B-XH-A","1"
"J7","Motor_R","Connector_JST:JST_XH_B2B-XH-A_1x02_P2.50mm_Vertical","JST B2B-XH-A","1"
"J8","IMU","Connector_JST:JST_XH_B4B-XH-A_1x04_P2.50mm_Vertical","JST B4B-XH-A","1"
"J9","Buttons","Connector_JST:JST_XH_B4B-XH-A_1x04_P2.50mm_Vertical","JST B4B-XH-A","1"
"Q1,Q2,Q3","AO3400A","Package_TO_SOT_SMD:SOT-23","AO3400A","3"
"R1,R2,R3,R7,R8,R9,R10,R11,R12,R13,R14","100R","Resistor_SMD:R_0603_1608Metric","","11"
"R4,R5,R6","100k","Resistor_SMD:R_0603_1608Metric","","3"
"R15,R16,R17","10k","Resistor_SMD:R_0603_1608Metric","","3"
"R18","1k","Resistor_SMD:R_0603_1608Metric","","1"
"U1","Tang Nano 9K","VisionAid:TangNano9K_Module","Sipeed Tang Nano 9K","1"
"U2","AMS1117-3.3","Package_TO_SOT_SMD:SOT-223-3_TabPin2","AMS1117-3.3","1"
