Ref,Val,Package,PosX,PosY,Rot,Side
"BZ1","5V active buzzer","Buzzer_12x9.5RM7.6",166.500000,-109.500000,0.000000,top
"C1","22uF 10V X5R","C_1206_3216Metric",137.985000,-123.195000,0.000000,top
"C2","10uF 10V","C_0805_2012Metric",123.245000,-130.615000,0.000000,top
"C3","22uF tant","CP_EIA-3528-21_Kemet-B",127.795000,-131.285000,0.000000,top
"C4","100nF","C_0603_1608Metric",132.125000,-130.365000,0.000000,top
"C5","10uF 10V","C_0805_2012Metric",130.635000,-134.305000,0.000000,top
"C6","100nF","C_0603_1608Metric",178.925000,-126.475000,0.000000,top
"C7","100nF","C_0603_1608Metric",168.875000,-126.475000,0.000000,top
"C8","100nF","C_0603_1608Metric",172.225000,-126.475000,0.000000,top
"C9","100nF","C_0603_1608Metric",175.575000,-126.475000,0.000000,top
"D1","SS14","D_SMA",125.045000,-135.075000,0.000000,top
"D2","1N4148W","D_SOD-123",158.295000,-126.985000,0.000000,top
"D3","1N4148W","D_SOD-123",144.895000,-129.675000,0.000000,top
"D4","1N4148W","D_SOD-123",149.985000,-129.675000,0.000000,top
"D5","PWR green","LED_0603_1608Metric",113.300000,-121.500000,90.000000,top
"F1","500mA PTC","Fuse_1206_3216Metric",133.015000,-123.175000,0.000000,top
"J1","RPi5_GPIO_40pin","PinHeader_2x20_P2.54mm_Vertical",108.370000,-104.770000,90.000000,top
"J2","US_L","JST_XH_B4B-XH-A_1x04_P2.50mm_Vertical",111.000000,-147.500000,0.000000,top
"J3","US_R","JST_XH_B4B-XH-A_1x04_P2.50mm_Vertical",127.000000,-147.500000,0.000000,top
"J4","US_H","JST_XH_B4B-XH-A_1x04_P2.50mm_Vertical",143.000000,-147.500000,0.000000,top
"J5","TF-Luna","JST_XH_B4B-XH-A_1x04_P2.50mm_Vertical",168.500000,-147.500000,0.000000,top
"J6","Motor_L","JST_XH_B2B-XH-A_1x02_P2.50mm_Vertical",104.500000,-138.000000,-90.000000,top
"J7","Motor_R","JST_XH_B2B-XH-A_1x02_P2.50mm_Vertical",113.300000,-110.000000,-90.000000,top
"J8","IMU","JST_XH_B4B-XH-A_1x04_P2.50mm_Vertical",104.500000,-124.000000,-90.000000,top
"J9","Buttons","JST_XH_B4B-XH-A_1x04_P2.50mm_Vertical",104.500000,-110.000000,-90.000000,top
"Q1","AO3400A","SOT-23",144.475000,-123.745000,0.000000,top
"Q2","AO3400A","SOT-23",148.725000,-123.745000,0.000000,top
"Q3","AO3400A","SOT-23",152.975000,-123.745000,0.000000,top
"R1","100R","R_0603_1608Metric",156.775000,-122.775000,0.000000,top
"R2","100R","R_0603_1608Metric",160.125000,-122.775000,0.000000,top
"R3","100R","R_0603_1608Metric",144.025000,-126.565000,0.000000,top
"R4","100k","R_0603_1608Metric",147.375000,-126.565000,0.000000,top
"R5","100k","R_0603_1608Metric",150.725000,-126.565000,0.000000,top
"R6","100k","R_0603_1608Metric",154.075000,-126.565000,0.000000,top
"R7","100R","R_0603_1608Metric",165.525000,-122.775000,0.000000,top
"R8","100R","R_0603_1608Metric",168.875000,-122.775000,0.000000,top
"R9","100R","R_0603_1608Metric",172.225000,-122.775000,0.000000,top
"R10","100R","R_0603_1608Metric",175.575000,-122.775000,0.000000,top
"R11","100R","R_0603_1608Metric",178.925000,-122.775000,0.000000,top
"R12","100R","R_0603_1608Metric",165.525000,-124.625000,0.000000,top
"R13","100R","R_0603_1608Metric",168.875000,-124.625000,0.000000,top
"R14","100R","R_0603_1608Metric",172.225000,-124.625000,0.000000,top
"R15","10k","R_0603_1608Metric",175.575000,-124.625000,0.000000,top
"R16","10k","R_0603_1608Metric",178.925000,-124.625000,0.000000,top
"R17","10k","R_0603_1608Metric",165.525000,-126.475000,0.000000,top
"R18","1k","R_0603_1608Metric",113.300000,-125.500000,90.000000,top
"U1","Tang Nano 9K","TangNano9K_Module",152.200000,-130.000000,-90.000000,top
"U2","AMS1117-3.3","SOT-223-3_TabPin2",125.945000,-125.645000,0.000000,top
